 insert into employees (emp_no, birth_date, first_name, last_name, gender, hire_date) values ( 1, '1965-1-1', 'Maria', 'DB', 'F', '1995-1-1');
 insert into employees (emp_no, birth_date, first_name, last_name, gender, hire_date) values (2, '1980-1-1', 'Kitty', 'Hello', 'F', '1999-1-1');
 insert into employees (emp_no, birth_date, first_name, last_name, gender, hire_date) values (3, '1985-1-1', 'Louise', 'Woiiii', 'F', '2009-1-1');
 insert into employees (emp_no, birth_date, first_name, last_name, gender, hire_date) values (4, '1985-1-1', 'Jone', 'Woo', 'M', '2010-1-1');
 insert into employees (emp_no, birth_date, first_name, last_name, gender, hire_date) values (5, '1945-1-1', 'Jon', 'Chan', 'M', '2005-1-10');
 insert into employees (emp_no, birth_date, first_name, last_name, gender, hire_date) values (6, '1999-1-1', 'Querina', 'Queri', 'F', '1999-1-1');
 insert into employees ( emp_no, birth_date, first_name, last_name, gender, hire_date) values ( 7, '1955-1-1', 'Mark', 'Marky', 'M', '2010-1-1');
 insert into employees (emp_no, birth_date, first_name, last_name, gender, hire_date) values (8, '1979-1-1', 'Peter', 'Testtube','M', '2005-1-1');
 insert into employees (emp_no, birth_date, first_name, last_name, gender, hire_date) values ( 9, '1995-1-1', 'Mikel', 'Ramone', 'M', '2015-1-1');
 insert into employees (emp_no) values (10);
insert into employees ( emp_no, birth_date, first_name, last_name, gender, hire_date) values ( 11, '1985-1-1', 'Juanita', 'Banana', 'F', '1995-1-1');
 insert into employees (emp_no, birth_date, first_name, last_name, gender, hire_date) values (12, '1972-1-1', 'Jane', 'Doe', 'M', '1995-1-1');
 insert into employees (emp_no, birth_date, first_name, last_name, gender, hire_date) values(13, '1977-1-1', 'Viv', 'Albertine', 'M', '1997-1-1');
 insert into employees (emp_no, birth_date, first_name, last_name, gender, hire_date) values (14, '1980-1-1', 'Patty', 'Smith', 'M', '2000-1-1');
 insert into employees ( emp_no, birth_date, first_name, last_name, gender, hire_date) values ( 15, '1977-1-1', 'Vivien', 'Goldman', 'F', '2010-1-1');

 insert into salaries (emp_no, salary, from_date, to_date) values (1, 30000, '1999-1-1', '2000-1-1');
 INSERT INTO `salaries`(`emp_no`, `salary`, `from_date`, `to_date`) VALUES (2,50000,'1999-1-1','2000-1-1');
 insert into salaries (emp_no, salary, from_date, to_date) values (3, 24000, '2001-1-2', '2010-1-1');
 insert into salaries (emp_no, salary, from_date, to_date) values (4, 25000, '2010-1-1','2020-1-1');
 insert into salaries (emp_no, salary, from_date, to_date) values (5, 28000, '2005-1-1','2021-1-1');
 insert into salaries (emp_no, salary, from_date, to_date) values (6, 33000, '1999-1-1', '2020-1-1');
 insert into salaries (emp_no, salary, from_date, to_date) values (7, 33000, '2010-1-1', '2020-1-1');
 insert into salaries (emp_no, salary, from_date, to_date) values(8, 24000, '2005-1-1', '2000-1-1');
 insert into salaries (emp_no, salary, from_date, to_date) values (9, 25000, '2015-1-1', '2020-1-1');
 insert into salaries (emp_no, salary) values (10, 18000);
insert into salaries (emp_no, salary, from_date, to_date) values (11, 20000, '1995-1-1', '1999-1-1');
 insert into salaries (emp_no, salary, from_date, to_date) values(12, 35000, '1995-1-1', '2000-1-1');
 insert into salaries (emp_no, salary, from_date, to_date) values ( 13,35000, '1997-1-1', '2000-1-1');
 insert into salaries (emp_no, salary, from_date, to_date) values (14, 48000, '2000-1-1', '2020-1-1');
 insert into salaries (emp_no, salary, from_date, to_date) values (15, 43000, '1999-1-1', '2019-1-1');

 insert into salaries (emp_no, salary, from_date, to_date) values(1, 35000, '2000-1-2', '2020-1-1');
 insert into salaries (emp_no, salary, from_date, to_date) values (10, 25000, '2005-1-1', '2018-1-1');
 insert into salaries(emp_no, salary, from_date, to_date) values (11, 28000, '2010-1-1', '2015-1-1');
 insert into salaries (emp_no, salary, from_date, to_date) values (4, 30000, '2020-1-2', '2021-1-1');
insert into salaries (emp_no, salary, from_date, to_date) values (3, 30000, '2011-1-2', '2021-1-1');

 insert into departments (dept_no, dept_name) values (1, 'devops');
 insert into departments (dept_no, dept_name) values (2, 'marketing');
 insert into departments (dept_no, dept_name) values (3, 'frontend');
 insert into departments (dept_no, dept_name) values (4, 'backend');
 insert into departments (dept_no, dept_name) values (5, 'designUX');

 insert into dept_emp (emp_no, dept_no, from_date, to_date) values (1, 5, '1999-1-1', '2000-1-1');
 insert into dept_emp (emp_no, dept_no, from_date, to_date) values (1, 3, '2000-1-2', '2020-1-1');
 insert into dept_emp (emp_no, dept_no, from_date, to_date) values (4, 4, '2010-1-1', '2020-1-1');
 insert into dept_emp (emp_no, dept_no, from_date, to_date) values (4, 1, '2020-1-2', '2021-1-1');
 insert into dept_emp (emp_no, dept_no, from_date, to_date) values (3, 2, '2001-1-1', '2010-1-1');
insert into dept_emp (emp_no, dept_no, from_date, to_date) values (3, 1, '2011-1-1', '2021-1-1');
insert into dept_emp (emp_no, dept_no, from_date, to_date) values (10, 1, '2000-1-1', '2005-1-1');
insert into dept_emp (emp_no, dept_no, from_date, to_date) values (10, 3, '2005-1-1', '2018-1-1');
insert into dept_emp (emp_no, dept_no, from_date, to_date) values (11, 5, '1995-1-1', '1999-1-1');
insert into dept_emp (emp_no, dept_no, from_date, to_date) values (11, 4, '2010-1-1', '2015-1-1');
insert into dept_emp (emp_no, dept_no, from_date, to_date) values (15, 1, '2010-1-1', '2015-1-1');
insert into dept_emp (emp_no, dept_no, from_date, to_date) values (15, 2, '2015-1-1', '2018-1-1');
insert into dept_emp (emp_no, dept_no, from_date, to_date) values (7, 3, '2010-1-1', '2013-1-1');
insert into dept_emp (emp_no, dept_no, from_date, to_date) values (7, 4, '2013-1-1', '2018-1-1');
insert into dept_emp (emp_no, dept_no, from_date, to_date) values (9, 4, '2015-1-1', '2018-1-1');
insert into dept_emp (emp_no, dept_no, from_date, to_date) values (9, 5, '2018-1-1', '2020-1-1');
insert into dept_emp (emp_no, dept_no, from_date, to_date) values (12, 2, '1995-1-1', '2000-1-1');
insert into dept_emp (emp_no, dept_no, from_date, to_date) values (12, 4, '2000-1-1', '2005-1-1');
insert into dept_emp (emp_no, dept_no, from_date, to_date) values (13, 2, '1997-1-1', '2002-1-1');
insert into dept_emp (emp_no, dept_no, from_date, to_date) values (13, 3, '2002-1-1', '2006-1-1');

insert into dept_manager (emp_no, dept_no, from_date, to_date) values ( 2, 1, '1999-1-1', '2000-1-1');
insert into dept_manager (emp_no, dept_no, from_date, to_date) values ( 5, 2, '2005-1-1', '2021-1-1');
insert into dept_manager (emp_no, dept_no, from_date, to_date) values ( 6, 3, '1999-1-1', '2020-1-1');
insert into dept_manager (emp_no, dept_no, from_date, to_date) values ( 7, 4, '2010-1-1', '2020-1-1');
insert into dept_manager (emp_no, dept_no, from_date, to_date) values ( 9, 5, '2015-1-1', '2020-1-1');

insert into titles (emp_no, title, from_date, to_date) values (1, 'Computer degree', '1996-1-1', '1999-1-1');
insert into titles (emp_no, title, from_date, to_date) values ( 2, 'Marketing degree', '1995-1-1', '1999-1-1');
insert into titles (emp_no, title, from_date, to_date) values ( 3, 'Publicity degree', '2015-1-1', '2020-1-1');
insert into titles (emp_no, title, from_date, to_date) values ( 4, 'Computer degree', '2015-1-1', '2020-1-1');
insert into titles (emp_no, title, from_date, to_date) values ( 5, 'Design degree', '2005-1-1', '2010-1-1');
insert into titles (emp_no, title, from_date, to_date) values ( 6, 'Computer degree', '2000-1-1', '2005-1-1');
insert into titles (emp_no, title, from_date, to_date) values(7, 'Computer degree', '2000-1-1', '2005-1-1');
insert into titles (emp_no, title, from_date, to_date) values(8, 'Computer degree', '2000-1-1', '2005-1-1');
insert into titles (emp_no, title, from_date, to_date) values(9, 'Marketing degree', '2010-1-1', '2015-1-1');
insert into titles (emp_no, title, from_date, to_date) values(10, 'Marketing degree', '2015-1-1', '2020-1-1');
insert into titles (emp_no, title, from_date, to_date) values(11, 'Design degree', '1990-1-1', '1995-1-1');
insert into titles (emp_no, title, from_date, to_date) values(12, 'Publicity degree', '1990-1-1', '1995-1-1');
insert into titles (emp_no, title, from_date, to_date) values(13, 'Publicity degree', '2015-1-1', '2020-1-1');
insert into titles (emp_no, title, from_date, to_date) values(14, 'Computer degree', '1995-1-1', '2000-1-1');
insert into titles (emp_no, title, from_date, to_date) values(15, 'Computer degree', '2005-1-1', '2010-1-1');